{"cameraMode":{"drawMode":0,"name":"Shaded","section":"Shading Mode"},"sceneLighting":true,"audioPlay":false,"sceneViewState":{"m_AlwaysRefresh":false,"showFog":true,"showSkybox":true,"showFlares":true,"showImageEffects":true,"showParticleSystems":true,"showVisualEffectGraphs":true,"m_FxEnabled":true},"in2DMode":false,"pivot":{"x":-11.199999809265137,"y":1.424867868423462,"z":-1.1920928955078126e-7},"rotation":{"x":0.053972478955984119,"y":-0.007485140580683947,"z":0.00039682898204773664,"w":0.9985199570655823},"size":1.5882847309112549,"orthographic":true}