{"cameraMode":{"drawMode":0,"name":"Shaded","section":"Shading Mode"},"sceneLighting":true,"audioPlay":false,"sceneViewState":{"m_AlwaysRefresh":false,"showFog":true,"showSkybox":true,"showFlares":true,"showImageEffects":true,"showParticleSystems":true,"showVisualEffectGraphs":true,"m_FxEnabled":true},"in2DMode":false,"pivot":{"x":7.397920608520508,"y":2.578640937805176,"z":-16.530031204223634},"rotation":{"x":0.19370387494564057,"y":0.025016363710165025,"z":-0.004940895829349756,"w":0.9807316660881043},"size":24.013988494873048,"orthographic":true}